MMSI,timestamp,Latitude,Longitude,Name,SOG,Heading,rn,lat_bucket,lon_bucket,time_bucket
219021428,2021-12-03T15:52:54.000Z,55.24762,15.088092,HG 165 SOUTH OCEAN,2.4,166,22624,5524,1508,27309112
219021428,2021-12-03T15:52:56.000Z,55.247595,15.0881,HG 165 SOUTH OCEAN,2.4,166,22625,5524,1508,27309112
219021428,2021-12-03T15:53:01.000Z,55.247532,15.08814,HG 165 SOUTH OCEAN,2.4,164,22626,5524,1508,27309113
219021428,2021-12-03T15:53:04.000Z,55.247505,15.088155,HG 165 SOUTH OCEAN,2.4,163,22627,5524,1508,27309113
219021428,2021-12-03T15:53:06.000Z,55.247468,15.08818,HG 165 SOUTH OCEAN,2.4,164,22628,5524,1508,27309113
219021428,2021-12-03T15:53:11.000Z,55.247422,15.0882,HG 165 SOUTH OCEAN,2.4,165,22629,5524,1508,27309113
219021428,2021-12-03T15:53:14.000Z,55.24738,15.088225,HG 165 SOUTH OCEAN,2.4,166,22630,5524,1508,27309113
219021428,2021-12-03T15:53:18.000Z,55.247352,15.088238,HG 165 SOUTH OCEAN,2.4,167,22631,5524,1508,27309113
219021428,2021-12-03T15:53:21.000Z,55.247313,15.08825,HG 165 SOUTH OCEAN,2.4,168,22632,5524,1508,27309113
219021428,2021-12-03T15:53:24.000Z,55.247288,15.088262,HG 165 SOUTH OCEAN,2.3,169,22633,5524,1508,27309113
219021428,2021-12-03T15:53:28.000Z,55.247263,15.08826,HG 165 SOUTH OCEAN,2.3,169,22634,5524,1508,27309113
219021428,2021-12-03T15:53:31.000Z,55.247235,15.088277,HG 165 SOUTH OCEAN,2.2,169,22635,5524,1508,27309113
219021428,2021-12-03T15:53:34.000Z,55.247212,15.088272,HG 165 SOUTH OCEAN,2.2,168,22636,5524,1508,27309113
219021428,2021-12-03T15:53:38.000Z,55.247187,15.08829,HG 165 SOUTH OCEAN,2.2,169,22637,5524,1508,27309113
219021428,2021-12-03T15:53:46.000Z,55.247132,15.088302,HG 165 SOUTH OCEAN,2.1,169,22638,5524,1508,27309113
219021428,2021-12-03T15:53:56.000Z,55.247065,15.0883,HG 165 SOUTH OCEAN,1.9,167,22639,5524,1508,27309113
219021428,2021-12-03T15:54:06.000Z,55.246997,15.088325,HG 165 SOUTH OCEAN,1.9,168,22640,5524,1508,27309114
219021428,2021-12-03T15:54:17.000Z,55.246922,15.088343,HG 165 SOUTH OCEAN,1.8,169,22641,5524,1508,27309114
219021428,2021-12-03T15:54:28.000Z,55.246848,15.08836,HG 165 SOUTH OCEAN,1.8,170,22642,5524,1508,27309114
219021428,2021-12-03T15:54:37.000Z,55.246778,15.088363,HG 165 SOUTH OCEAN,1.7,171,22643,5524,1508,27309114
219021428,2021-12-03T15:54:47.000Z,55.246718,15.088382,HG 165 SOUTH OCEAN,1.7,171,22644,5524,1508,27309114
219021428,2021-12-03T15:54:56.000Z,55.246648,15.088397,HG 165 SOUTH OCEAN,1.6,171,22645,5524,1508,27309114
219021428,2021-12-03T15:55:06.000Z,55.246578,15.088412,HG 165 SOUTH OCEAN,1.6,172,22646,5524,1508,27309115
219021428,2021-12-03T15:55:17.000Z,55.246503,15.088425,HG 165 SOUTH OCEAN,1.6,173,22647,5524,1508,27309115
219021428,2021-12-03T15:55:28.000Z,55.246435,15.088427,HG 165 SOUTH OCEAN,1.6,174,22648,5524,1508,27309115
219021428,2021-12-03T15:55:37.000Z,55.246373,15.088443,HG 165 SOUTH OCEAN,1.5,175,22649,5524,1508,27309115
219021428,2021-12-03T15:55:46.000Z,55.246318,15.088448,HG 165 SOUTH OCEAN,1.5,176,22650,5524,1508,27309115
219021428,2021-12-03T15:55:56.000Z,55.246253,15.088448,HG 165 SOUTH OCEAN,1.5,175,22651,5524,1508,27309115
219021428,2021-12-03T15:56:06.000Z,55.246182,15.088458,HG 165 SOUTH OCEAN,1.5,174,22652,5524,1508,27309116
219021428,2021-12-03T15:56:17.000Z,55.246108,15.088473,HG 165 SOUTH OCEAN,1.5,176,22653,5524,1508,27309116
219021428,2021-12-03T15:56:28.000Z,55.246043,15.088472,HG 165 SOUTH OCEAN,1.5,178,22654,5524,1508,27309116
219021428,2021-12-03T15:56:37.000Z,55.245982,15.088468,HG 165 SOUTH OCEAN,1.4,179,22655,5524,1508,27309116
219021428,2021-12-03T15:56:46.000Z,55.245925,15.088473,HG 165 SOUTH OCEAN,1.4,179,22656,5524,1508,27309116
219021428,2021-12-03T15:56:57.000Z,55.245853,15.088472,HG 165 SOUTH OCEAN,1.4,180,22657,5524,1508,27309116
219021428,2021-12-03T15:57:08.000Z,55.245785,15.088465,HG 165 SOUTH OCEAN,1.4,181,22658,5524,1508,27309117
219021428,2021-12-03T15:57:17.000Z,55.245733,15.088465,HG 165 SOUTH OCEAN,1.4,181,22659,5524,1508,27309117
219021428,2021-12-03T15:57:28.000Z,55.245677,15.088455,HG 165 SOUTH OCEAN,1.4,182,22660,5524,1508,27309117
219021428,2021-12-03T15:57:31.000Z,55.245677,15.088455,HG 165 SOUTH OCEAN,1.4,182,22661,5524,1508,27309117
219021428,2021-12-03T15:57:37.000Z,55.24562,15.088452,HG 165 SOUTH OCEAN,1.3,183,22662,5524,1508,27309117
219021428,2021-12-03T15:57:46.000Z,55.24557,15.08845,HG 165 SOUTH OCEAN,1.3,184,22663,5524,1508,27309117
219021428,2021-12-03T15:57:57.000Z,55.24551,15.088435,HG 165 SOUTH OCEAN,1.3,184,22664,5524,1508,27309117
219021428,2021-12-03T15:58:08.000Z,55.245448,15.088427,HG 165 SOUTH OCEAN,1.3,184,22665,5524,1508,27309118
219021428,2021-12-03T15:58:17.000Z,55.2454,15.088417,HG 165 SOUTH OCEAN,1.3,185,22666,5524,1508,27309118
219021428,2021-12-03T15:58:28.000Z,55.245347,15.088408,HG 165 SOUTH OCEAN,1.2,187,22667,5524,1508,27309118
219021428,2021-12-03T15:58:37.000Z,55.2453,15.088398,HG 165 SOUTH OCEAN,1.2,188,22668,5524,1508,27309118
219021428,2021-12-03T15:58:46.000Z,55.245252,15.088383,HG 165 SOUTH OCEAN,1.2,189,22669,5524,1508,27309118
219021428,2021-12-03T15:58:57.000Z,55.245198,15.088368,HG 165 SOUTH OCEAN,1.2,189,22670,5524,1508,27309118
219021428,2021-12-03T15:59:08.000Z,55.24515,15.088347,HG 165 SOUTH OCEAN,1.2,190,22671,5524,1508,27309119
219021428,2021-12-03T15:59:17.000Z,55.245123,15.088333,HG 165 SOUTH OCEAN,1.1,192,22672,5524,1508,27309119
219021428,2021-12-03T15:59:28.000Z,55.245097,15.08832,HG 165 SOUTH OCEAN,1.1,194,22673,5524,1508,27309119
219021428,2021-12-03T16:00:27.000Z,55.244795,15.088213,HG 165 SOUTH OCEAN,1.2,192,22679,5524,1508,27309120
219021428,2021-12-03T16:00:37.000Z,55.244698,15.088195,HG 165 SOUTH OCEAN,1.2,197,22680,5524,1508,27309120
219021428,2021-12-03T16:00:46.000Z,55.244618,15.088168,HG 165 SOUTH OCEAN,1.3,201,22681,5524,1508,27309120
219021428,2021-12-03T16:00:48.000Z,55.244603,15.08816,HG 165 SOUTH OCEAN,1.3,202,22682,5524,1508,27309120
219021428,2021-12-03T16:00:53.000Z,55.244567,15.088147,HG 165 SOUTH OCEAN,1.3,203,22683,5524,1508,27309120
219021428,2021-12-03T16:00:54.000Z,55.244548,15.088138,HG 165 SOUTH OCEAN,1.3,203,22684,5524,1508,27309120
219021428,2021-12-03T16:00:57.000Z,55.244523,15.088132,HG 165 SOUTH OCEAN,1.3,203,22685,5524,1508,27309120
219021428,2021-12-03T16:01:01.000Z,55.244495,15.088118,HG 165 SOUTH OCEAN,1.4,203,22686,5524,1508,27309121
219021428,2021-12-03T16:01:04.000Z,55.244463,15.088105,HG 165 SOUTH OCEAN,1.4,203,22687,5524,1508,27309121
219021428,2021-12-03T16:01:08.000Z,55.24443,15.088087,HG 165 SOUTH OCEAN,1.4,203,22688,5524,1508,27309121
219021428,2021-12-03T16:01:10.000Z,55.244413,15.088083,HG 165 SOUTH OCEAN,1.4,203,22689,5524,1508,27309121
219021428,2021-12-03T16:01:14.000Z,55.24438,15.088067,HG 165 SOUTH OCEAN,1.4,203,22690,5524,1508,27309121
219021428,2021-12-03T16:01:18.000Z,55.244342,15.088053,HG 165 SOUTH OCEAN,1.4,203,22691,5524,1508,27309121
219021428,2021-12-03T16:01:24.000Z,55.244293,15.088028,HG 165 SOUTH OCEAN,1.4,204,22692,5524,1508,27309121
219021428,2021-12-03T16:01:27.000Z,55.244263,15.088015,HG 165 SOUTH OCEAN,1.5,204,22693,5524,1508,27309121
219021428,2021-12-03T16:01:37.000Z,55.244175,15.087968,HG 165 SOUTH OCEAN,1.5,206,22694,5524,1508,27309121
219021428,2021-12-03T16:01:48.000Z,55.244077,15.087922,HG 165 SOUTH OCEAN,1.5,208,22695,5524,1508,27309121
219021428,2021-12-03T16:01:57.000Z,55.243997,15.087877,HG 165 SOUTH OCEAN,1.6,209,22696,5524,1508,27309121
219021428,2021-12-03T16:02:08.000Z,55.243902,15.08782,HG 165 SOUTH OCEAN,1.6,211,22697,5524,1508,27309122
219021428,2021-12-03T16:02:18.000Z,55.24381,15.08776,HG 165 SOUTH OCEAN,1.7,213,22698,5524,1508,27309122
219021428,2021-12-03T16:02:27.000Z,55.243715,15.087703,HG 165 SOUTH OCEAN,1.7,213,22699,5524,1508,27309122
219021428,2021-12-03T16:02:35.000Z,55.243628,15.087672,HG 165 SOUTH OCEAN,1.8,200,22700,5524,1508,27309122
219021428,2021-12-03T16:02:42.000Z,55.243573,15.087685,HG 165 SOUTH OCEAN,1.8,186,22701,5524,1508,27309122
219021428,2021-12-03T16:02:44.000Z,55.243552,15.08769,HG 165 SOUTH OCEAN,1.7,182,22702,5524,1508,27309122
219021428,2021-12-03T16:02:48.000Z,55.243523,15.087713,HG 165 SOUTH OCEAN,1.7,178,22703,5524,1508,27309122
219021428,2021-12-03T16:02:48.000Z,55.243523,15.087713,HG 165 SOUTH OCEAN,1.7,177,22704,5524,1508,27309122
219021428,2021-12-03T16:02:51.000Z,55.243502,15.087725,HG 165 SOUTH OCEAN,1.7,175,22705,5524,1508,27309122
219021428,2021-12-03T16:02:54.000Z,55.243482,15.087745,HG 165 SOUTH OCEAN,1.6,173,22706,5524,1508,27309122
219021428,2021-12-03T16:02:57.000Z,55.243462,15.087762,HG 165 SOUTH OCEAN,1.6,173,22707,5524,1508,27309122
219021428,2021-12-03T16:03:00.000Z,55.243442,15.08778,HG 165 SOUTH OCEAN,1.6,176,22708,5524,1508,27309123
219021428,2021-12-03T16:03:04.000Z,55.243415,15.0878,HG 165 SOUTH OCEAN,1.6,178,22709,5524,1508,27309123
219021428,2021-12-03T16:03:08.000Z,55.243392,15.087823,HG 165 SOUTH OCEAN,1.5,184,22710,5524,1508,27309123
219021428,2021-12-03T16:03:11.000Z,55.24338,15.08783,HG 165 SOUTH OCEAN,1.5,188,22711,5524,1508,27309123
219021428,2021-12-03T16:03:14.000Z,55.243357,15.087852,HG 165 SOUTH OCEAN,1.5,191,22712,5524,1508,27309123
219021428,2021-12-03T16:03:18.000Z,55.243337,15.08787,HG 165 SOUTH OCEAN,1.5,194,22713,5524,1508,27309123
219021428,2021-12-03T16:03:21.000Z,55.243327,15.08788,HG 165 SOUTH OCEAN,1.5,194,22714,5524,1508,27309123
219021428,2021-12-03T16:03:24.000Z,55.243303,15.087905,HG 165 SOUTH OCEAN,1.5,196,22715,5524,1508,27309123
219021428,2021-12-03T16:03:27.000Z,55.243288,15.08791,HG 165 SOUTH OCEAN,1.5,196,22716,5524,1508,27309123
219021428,2021-12-03T16:03:28.000Z,55.243288,15.08791,HG 165 SOUTH OCEAN,1.5,196,22717,5524,1508,27309123
219021428,2021-12-03T16:03:30.000Z,55.243268,15.087928,HG 165 SOUTH OCEAN,1.5,196,22718,5524,1508,27309123
219021428,2021-12-03T16:03:34.000Z,55.243253,15.087937,HG 165 SOUTH OCEAN,1.4,195,22719,5524,1508,27309123
219021428,2021-12-03T16:03:40.000Z,55.243205,15.087973,HG 165 SOUTH OCEAN,1.5,190,22720,5524,1508,27309123
219021428,2021-12-03T16:03:44.000Z,55.243175,15.087997,HG 165 SOUTH OCEAN,1.5,186,22721,5524,1508,27309123
219021428,2021-12-03T16:03:48.000Z,55.243147,15.088018,HG 165 SOUTH OCEAN,1.5,179,22722,5524,1508,27309123
219021428,2021-12-03T16:03:51.000Z,55.243132,15.088027,HG 165 SOUTH OCEAN,1.5,175,22723,5524,1508,27309123
219021428,2021-12-03T16:03:54.000Z,55.243102,15.08807,HG 165 SOUTH OCEAN,1.5,169,22724,5524,1508,27309123
219021428,2021-12-03T16:03:57.000Z,55.243078,15.08808,HG 165 SOUTH OCEAN,1.5,168,22725,5524,1508,27309123
219021428,2021-12-03T16:04:01.000Z,55.243053,15.088125,HG 165 SOUTH OCEAN,1.5,167,22726,5524,1508,27309124
219021428,2021-12-03T16:04:04.000Z,55.24304,15.088132,HG 165 SOUTH OCEAN,1.5,171,22727,5524,1508,27309124
219021428,2021-12-03T16:04:08.000Z,55.243008,15.088178,HG 165 SOUTH OCEAN,1.5,175,22728,5524,1508,27309124
219021428,2021-12-03T16:04:11.000Z,55.242998,15.088193,HG 165 SOUTH OCEAN,1.5,179,22729,5524,1508,27309124
219021428,2021-12-03T16:04:14.000Z,55.242975,15.088217,HG 165 SOUTH OCEAN,1.5,183,22730,5524,1508,27309124
219021428,2021-12-03T16:04:18.000Z,55.242953,15.088245,HG 165 SOUTH OCEAN,1.5,188,22731,5524,1508,27309124
219021428,2021-12-03T16:04:21.000Z,55.242937,15.08826,HG 165 SOUTH OCEAN,1.5,190,22732,5524,1508,27309124
219021428,2021-12-03T16:04:24.000Z,55.24292,15.088285,HG 165 SOUTH OCEAN,1.5,191,22733,5524,1508,27309124
219021428,2021-12-03T16:04:27.000Z,55.242907,15.088297,HG 165 SOUTH OCEAN,1.5,192,22734,5524,1508,27309124
219021428,2021-12-03T16:04:30.000Z,55.242888,15.088313,HG 165 SOUTH OCEAN,1.5,193,22735,5524,1508,27309124
219021428,2021-12-03T16:04:34.000Z,55.242865,15.088337,HG 165 SOUTH OCEAN,1.5,193,22736,5524,1508,27309124
219021428,2021-12-03T16:04:41.000Z,55.24283,15.088368,HG 165 SOUTH OCEAN,1.5,191,22737,5524,1508,27309124
219021428,2021-12-03T16:04:44.000Z,55.24281,15.08838,HG 165 SOUTH OCEAN,1.5,188,22738,5524,1508,27309124
219021428,2021-12-03T16:04:48.000Z,55.242775,15.088407,HG 165 SOUTH OCEAN,1.5,183,22739,5524,1508,27309124
219021428,2021-12-03T16:04:51.000Z,55.242762,15.088418,HG 165 SOUTH OCEAN,1.5,179,22740,5524,1508,27309124
219021428,2021-12-03T16:04:54.000Z,55.242742,15.08843,HG 165 SOUTH OCEAN,1.5,176,22741,5524,1508,27309124
219021428,2021-12-03T16:04:57.000Z,55.242713,15.088462,HG 165 SOUTH OCEAN,1.5,174,22742,5524,1508,27309124
219021428,2021-12-03T16:05:00.000Z,55.242693,15.088475,HG 165 SOUTH OCEAN,1.5,171,22743,5524,1508,27309125
219021428,2021-12-03T16:05:04.000Z,55.242667,15.088507,HG 165 SOUTH OCEAN,1.5,169,22744,5524,1508,27309125
219021428,2021-12-03T16:05:07.000Z,55.242647,15.08853,HG 165 SOUTH OCEAN,1.5,168,22745,5524,1508,27309125
219021428,2021-12-03T16:05:11.000Z,55.242625,15.088542,HG 165 SOUTH OCEAN,1.5,167,22746,5524,1508,27309125
219021428,2021-12-03T16:05:14.000Z,55.242595,15.088578,HG 165 SOUTH OCEAN,1.5,166,22747,5524,1508,27309125
219021428,2021-12-03T16:05:18.000Z,55.242565,15.088607,HG 165 SOUTH OCEAN,1.5,166,22748,5524,1508,27309125
219021428,2021-12-03T16:05:21.000Z,55.242553,15.088625,HG 165 SOUTH OCEAN,1.5,165,22749,5524,1508,27309125
219021428,2021-12-03T16:05:24.000Z,55.242525,15.088657,HG 165 SOUTH OCEAN,1.5,166,22750,5524,1508,27309125
219021428,2021-12-03T16:05:30.000Z,55.2425,15.088697,HG 165 SOUTH OCEAN,1.5,169,22751,5524,1508,27309125
219021428,2021-12-03T16:05:34.000Z,55.242483,15.088717,HG 165 SOUTH OCEAN,1.5,172,22752,5524,1508,27309125
219021428,2021-12-03T16:05:40.000Z,55.242463,15.088762,HG 165 SOUTH OCEAN,1.4,178,22753,5524,1508,27309125
219021428,2021-12-03T16:05:44.000Z,55.24245,15.088783,HG 165 SOUTH OCEAN,1.4,179,22754,5524,1508,27309125
219021428,2021-12-03T16:05:48.000Z,55.24244,15.088808,HG 165 SOUTH OCEAN,1.4,178,22755,5524,1508,27309125
219021428,2021-12-03T16:05:51.000Z,55.242437,15.088817,HG 165 SOUTH OCEAN,1.3,177,22756,5524,1508,27309125
219021428,2021-12-03T16:05:54.000Z,55.242428,15.088847,HG 165 SOUTH OCEAN,1.3,174,22757,5524,1508,27309125
219021428,2021-12-03T16:05:57.000Z,55.242423,15.088873,HG 165 SOUTH OCEAN,1.2,173,22758,5524,1508,27309125
219021428,2021-12-03T16:06:01.000Z,55.24242,15.088883,HG 165 SOUTH OCEAN,1.2,172,22759,5524,1508,27309126
219021428,2021-12-03T16:06:04.000Z,55.24241,15.088923,HG 165 SOUTH OCEAN,1.2,173,22760,5524,1508,27309126
219021428,2021-12-03T16:06:07.000Z,55.242397,15.088937,HG 165 SOUTH OCEAN,1.2,175,22761,5524,1508,27309126
219021428,2021-12-03T16:06:10.000Z,55.242387,15.088965,HG 165 SOUTH OCEAN,1.2,179,22762,5524,1508,27309126
219021428,2021-12-03T16:06:14.000Z,55.242372,15.088983,HG 165 SOUTH OCEAN,1.2,183,22763,5524,1508,27309126
219021428,2021-12-03T16:06:16.000Z,55.242365,15.088995,HG 165 SOUTH OCEAN,1.2,184,22764,5524,1508,27309126
219021428,2021-12-03T16:06:24.000Z,55.24233,15.08905,HG 165 SOUTH OCEAN,1.2,181,22765,5524,1508,27309126
219021428,2021-12-03T16:06:28.000Z,55.242315,15.089078,HG 165 SOUTH OCEAN,1.2,176,22766,5524,1508,27309126
219021428,2021-12-03T16:06:31.000Z,55.242292,15.089103,HG 165 SOUTH OCEAN,1.2,171,22767,5524,1508,27309126
219021428,2021-12-03T16:06:34.000Z,55.242277,15.089133,HG 165 SOUTH OCEAN,1.2,165,22768,5524,1508,27309126
219021428,2021-12-03T16:06:37.000Z,55.242267,15.089147,HG 165 SOUTH OCEAN,1.2,163,22769,5524,1508,27309126
219021428,2021-12-03T16:06:41.000Z,55.242242,15.089193,HG 165 SOUTH OCEAN,1.2,160,22770,5524,1508,27309126
219021428,2021-12-03T16:06:44.000Z,55.242233,15.089212,HG 165 SOUTH OCEAN,1.2,161,22771,5524,1508,27309126
219021428,2021-12-03T16:06:48.000Z,55.242217,15.089247,HG 165 SOUTH OCEAN,1.2,165,22772,5524,1508,27309126
219021428,2021-12-03T16:06:50.000Z,55.24221,15.089267,HG 165 SOUTH OCEAN,1.2,169,22773,5524,1508,27309126
219021428,2021-12-03T16:06:54.000Z,55.242205,15.08928,HG 165 SOUTH OCEAN,1.2,172,22774,5524,1508,27309126
219021428,2021-12-03T16:06:57.000Z,55.242198,15.089295,HG 165 SOUTH OCEAN,1.2,175,22775,5524,1508,27309126
219021428,2021-12-03T16:07:00.000Z,55.24219,15.089315,HG 165 SOUTH OCEAN,1.2,177,22776,5524,1508,27309127
219021428,2021-12-03T16:07:04.000Z,55.242183,15.089328,HG 165 SOUTH OCEAN,1.1,177,22777,5524,1508,27309127
219021428,2021-12-03T16:07:07.000Z,55.242172,15.089358,HG 165 SOUTH OCEAN,1.1,177,22778,5524,1508,27309127
219021428,2021-12-03T16:07:11.000Z,55.242163,15.08938,HG 165 SOUTH OCEAN,1.1,175,22779,5524,1508,27309127
219021428,2021-12-03T16:07:14.000Z,55.242152,15.089403,HG 165 SOUTH OCEAN,1.1,172,22780,5524,1508,27309127
219021428,2021-12-03T16:07:16.000Z,55.242138,15.089428,HG 165 SOUTH OCEAN,1.1,169,22781,5524,1508,27309127
219021428,2021-12-03T16:07:20.000Z,55.24212,15.089458,HG 165 SOUTH OCEAN,1.1,164,22782,5524,1508,27309127
219021428,2021-12-03T16:07:24.000Z,55.242103,15.089498,HG 165 SOUTH OCEAN,1.2,160,22783,5524,1508,27309127
219021428,2021-12-03T16:07:28.000Z,55.24209,15.089522,HG 165 SOUTH OCEAN,1.2,157,22784,5524,1508,27309127
219021428,2021-12-03T16:07:30.000Z,55.242078,15.089548,HG 165 SOUTH OCEAN,1.2,156,22785,5524,1508,27309127
219021428,2021-12-03T16:07:34.000Z,55.24206,15.08958,HG 165 SOUTH OCEAN,1.2,156,22786,5524,1508,27309127
219021428,2021-12-03T16:07:37.000Z,55.242053,15.089602,HG 165 SOUTH OCEAN,1.2,157,22787,5524,1508,27309127
219021428,2021-12-03T16:07:40.000Z,55.242043,15.089632,HG 165 SOUTH OCEAN,1.2,161,22788,5524,1508,27309127
219021428,2021-12-03T16:07:44.000Z,55.242032,15.089668,HG 165 SOUTH OCEAN,1.2,163,22789,5524,1508,27309127
219021428,2021-12-03T16:07:48.000Z,55.24202,15.089698,HG 165 SOUTH OCEAN,1.1,165,22790,5524,1508,27309127
219021428,2021-12-03T16:07:51.000Z,55.242013,15.089713,HG 165 SOUTH OCEAN,1.1,166,22791,5524,1508,27309127
219021428,2021-12-03T16:07:54.000Z,55.242003,15.089747,HG 165 SOUTH OCEAN,1.1,166,22792,5524,1508,27309127
219021428,2021-12-03T16:07:57.000Z,55.241997,15.08976,HG 165 SOUTH OCEAN,1.1,166,22793,5524,1508,27309127
219021428,2021-12-03T16:08:01.000Z,55.241983,15.089795,HG 165 SOUTH OCEAN,1.1,167,22794,5524,1508,27309128
219021428,2021-12-03T16:08:04.000Z,55.241975,15.089813,HG 165 SOUTH OCEAN,1.1,167,22795,5524,1508,27309128
219021428,2021-12-03T16:08:07.000Z,55.241962,15.089847,HG 165 SOUTH OCEAN,1.1,167,22796,5524,1508,27309128
219021428,2021-12-03T16:08:11.000Z,55.241952,15.089863,HG 165 SOUTH OCEAN,1.1,168,22797,5524,1508,27309128
219021428,2021-12-03T16:08:14.000Z,55.241938,15.089895,HG 165 SOUTH OCEAN,1.1,169,22798,5524,1508,27309128
219021428,2021-12-03T16:08:16.000Z,55.241933,15.089907,HG 165 SOUTH OCEAN,1.1,170,22799,5524,1508,27309128
219021428,2021-12-03T16:08:21.000Z,55.241922,15.089938,HG 165 SOUTH OCEAN,1.1,170,22800,5524,1508,27309128
219021428,2021-12-03T16:08:24.000Z,55.241912,15.089958,HG 165 SOUTH OCEAN,1.1,169,22801,5524,1508,27309128
219021428,2021-12-03T16:08:28.000Z,55.241898,15.089992,HG 165 SOUTH OCEAN,1.1,166,22802,5524,1508,27309128
219021428,2021-12-03T16:08:29.000Z,55.241893,15.090007,HG 165 SOUTH OCEAN,1.1,164,22803,5524,1509,27309128
219021428,2021-12-03T16:08:32.000Z,55.241882,15.09003,HG 165 SOUTH OCEAN,1.1,161,22804,5524,1509,27309128
219021428,2021-12-03T16:08:37.000Z,55.241863,15.090063,HG 165 SOUTH OCEAN,1.1,158,22805,5524,1509,27309128
219021428,2021-12-03T16:08:38.000Z,55.241852,15.090083,HG 165 SOUTH OCEAN,1.2,158,22806,5524,1509,27309128
219021428,2021-12-03T16:08:44.000Z,55.241815,15.090138,HG 165 SOUTH OCEAN,1.2,157,22807,5524,1509,27309128
219021428,2021-12-03T16:08:45.000Z,55.241808,15.090145,HG 165 SOUTH OCEAN,1.2,158,22808,5524,1509,27309128
219021428,2021-12-03T16:08:48.000Z,55.241788,15.09018,HG 165 SOUTH OCEAN,1.2,158,22809,5524,1509,27309128
219021428,2021-12-03T16:08:51.000Z,55.241768,15.090203,HG 165 SOUTH OCEAN,1.2,158,22810,5524,1509,27309128
219021428,2021-12-03T16:08:54.000Z,55.241748,15.090232,HG 165 SOUTH OCEAN,1.3,158,22811,5524,1509,27309128
219021428,2021-12-03T16:08:57.000Z,55.241735,15.09025,HG 165 SOUTH OCEAN,1.3,158,22812,5524,1509,27309128
219021428,2021-12-03T16:09:01.000Z,55.241707,15.090288,HG 165 SOUTH OCEAN,1.3,158,22813,5524,1509,27309129
219021428,2021-12-03T16:09:04.000Z,55.241682,15.09033,HG 165 SOUTH OCEAN,1.3,157,22814,5524,1509,27309129
219021428,2021-12-03T16:09:07.000Z,55.241662,15.090353,HG 165 SOUTH OCEAN,1.3,157,22815,5524,1509,27309129
219021428,2021-12-03T16:09:11.000Z,55.241638,15.090397,HG 165 SOUTH OCEAN,1.3,156,22816,5524,1509,27309129
219021428,2021-12-03T16:09:14.000Z,55.241613,15.090418,HG 165 SOUTH OCEAN,1.4,155,22817,5524,1509,27309129
219021428,2021-12-03T16:09:16.000Z,55.241607,15.090447,HG 165 SOUTH OCEAN,1.4,154,22818,5524,1509,27309129
219021428,2021-12-03T16:09:24.000Z,55.241607,15.090447,HG 165 SOUTH OCEAN,1.4,154,22819,5524,1509,27309129
219021428,2021-12-03T16:09:28.000Z,55.241527,15.090545,HG 165 SOUTH OCEAN,1.5,154,22820,5524,1509,27309129
219021428,2021-12-03T16:09:37.000Z,55.241467,15.090635,HG 165 SOUTH OCEAN,1.5,154,22821,5524,1509,27309129
219021428,2021-12-03T16:09:48.000Z,55.241402,15.090738,HG 165 SOUTH OCEAN,1.5,154,22822,5524,1509,27309129
219021428,2021-12-03T16:09:57.000Z,55.241362,15.090803,HG 165 SOUTH OCEAN,1.5,153,22823,5524,1509,27309129
219021428,2021-12-03T16:10:07.000Z,55.241307,15.09089,HG 165 SOUTH OCEAN,1.5,153,22824,5524,1509,27309130
219021428,2021-12-03T16:10:16.000Z,55.241268,15.090965,HG 165 SOUTH OCEAN,1.5,151,22825,5524,1509,27309130
219021428,2021-12-03T16:10:28.000Z,55.241217,15.091063,HG 165 SOUTH OCEAN,1.5,150,22826,5524,1509,27309130
219021428,2021-12-03T16:10:38.000Z,55.241162,15.091162,HG 165 SOUTH OCEAN,1.5,149,22827,5524,1509,27309130
219021428,2021-12-03T16:10:48.000Z,55.24111,15.091247,HG 165 SOUTH OCEAN,1.5,150,22828,5524,1509,27309130
219021428,2021-12-03T16:10:57.000Z,55.241072,15.091322,HG 165 SOUTH OCEAN,1.5,149,22829,5524,1509,27309130
219021428,2021-12-03T16:11:07.000Z,55.241018,15.091427,HG 165 SOUTH OCEAN,1.5,145,22830,5524,1509,27309131
219021428,2021-12-03T16:11:16.000Z,55.240985,15.091502,HG 165 SOUTH OCEAN,1.4,142,22831,5524,1509,27309131
219021428,2021-12-03T16:11:24.000Z,55.24096,15.091565,HG 165 SOUTH OCEAN,1.4,149,22832,5524,1509,27309131
219021428,2021-12-03T16:11:28.000Z,55.240953,15.091587,HG 165 SOUTH OCEAN,1.4,151,22833,5524,1509,27309131
219021428,2021-12-03T16:11:31.000Z,55.240945,15.09161,HG 165 SOUTH OCEAN,1.3,152,22834,5524,1509,27309131
219021428,2021-12-03T16:11:38.000Z,55.240933,15.091665,HG 165 SOUTH OCEAN,1.3,153,22835,5524,1509,27309131
219021428,2021-12-03T16:11:44.000Z,55.240927,15.0917,HG 165 SOUTH OCEAN,1.3,154,22836,5524,1509,27309131
219021428,2021-12-03T16:11:48.000Z,55.240917,15.091733,HG 165 SOUTH OCEAN,1.2,153,22837,5524,1509,27309131
219021428,2021-12-03T16:11:50.000Z,55.240915,15.091742,HG 165 SOUTH OCEAN,1.2,153,22838,5524,1509,27309131
219021428,2021-12-03T16:11:57.000Z,55.240902,15.091788,HG 165 SOUTH OCEAN,1.2,150,22839,5524,1509,27309131
219021428,2021-12-03T16:12:04.000Z,55.240878,15.091857,HG 165 SOUTH OCEAN,1.2,143,22840,5524,1509,27309132
219021428,2021-12-03T16:12:07.000Z,55.240872,15.091888,HG 165 SOUTH OCEAN,1.2,140,22841,5524,1509,27309132
219021428,2021-12-03T16:12:10.000Z,55.240862,15.09192,HG 165 SOUTH OCEAN,1.2,136,22842,5524,1509,27309132
219021428,2021-12-03T16:12:16.000Z,55.240845,15.091978,HG 165 SOUTH OCEAN,1.2,134,22843,5524,1509,27309132
219021428,2021-12-03T16:12:24.000Z,55.240827,15.092037,HG 165 SOUTH OCEAN,1.2,140,22844,5524,1509,27309132
219021428,2021-12-03T16:12:27.000Z,55.240823,15.092057,HG 165 SOUTH OCEAN,1.2,144,22845,5524,1509,27309132
219021428,2021-12-03T16:12:31.000Z,55.240817,15.092082,HG 165 SOUTH OCEAN,1.2,146,22846,5524,1509,27309132
219021428,2021-12-03T16:12:34.000Z,55.240808,15.092108,HG 165 SOUTH OCEAN,1.2,148,22847,5524,1509,27309132
219021428,2021-12-03T16:12:38.000Z,55.240802,15.09213,HG 165 SOUTH OCEAN,1.1,149,22848,5524,1509,27309132
219021428,2021-12-03T16:12:41.000Z,55.240795,15.092163,HG 165 SOUTH OCEAN,1.2,151,22849,5524,1509,27309132
219021428,2021-12-03T16:12:44.000Z,55.240792,15.092172,HG 165 SOUTH OCEAN,1.1,152,22850,5524,1509,27309132
219021428,2021-12-03T16:12:48.000Z,55.24078,15.092195,HG 165 SOUTH OCEAN,1.1,153,22851,5524,1509,27309132
219021428,2021-12-03T16:12:50.000Z,55.240772,15.09223,HG 165 SOUTH OCEAN,1.1,154,22852,5524,1509,27309132
219021428,2021-12-03T16:12:54.000Z,55.240755,15.092255,HG 165 SOUTH OCEAN,1.1,152,22853,5524,1509,27309132
